City_ID,City,Country,Date,Lat,Lng,Max Temp,Humidity,Cloudiness,Wind Speed
0,Havoysund,NO,2022-02-07 00:04:18,70.9963,24.6622,25.68,79,37,16.69
1,Vaini,TO,2022-02-07 00:08:33,-21.2,-175.2,77.16,94,75,14.97
2,Port Lincoln,AU,2022-02-07 00:08:34,-34.7333,135.8667,77.85,49,0,16.93
3,Hilo,US,2022-02-07 00:05:07,19.7297,-155.09,78.53,76,100,11.5
4,Saint-Philippe,RE,2022-02-07 00:08:34,-21.3585,55.7679,76.59,83,99,13.31
5,Rikitea,PF,2022-02-07 00:08:35,-23.1203,-134.9692,79.32,71,3,18.54
6,Cape Town,ZA,2022-02-07 00:07:38,-33.9258,18.4232,65.26,81,33,4.56
7,Busselton,AU,2022-02-07 00:08:35,-33.65,115.3333,61.09,61,70,18.79
8,Kahului,US,2022-02-07 00:08:35,20.8947,-156.47,82.42,59,20,26.46
9,Katsuura,JP,2022-02-07 00:08:36,35.1333,140.3,44.19,40,34,12.03
10,Carnarvon,AU,2022-02-07 00:08:36,-24.8667,113.6333,72.14,58,14,22.82
11,New Norfolk,AU,2022-02-07 00:03:53,-42.7826,147.0587,74.66,38,1,3.0
12,Naron,ES,2022-02-07 00:08:37,43.5167,-8.1528,51.03,85,70,3.78
13,Atuona,PF,2022-02-07 00:08:37,-9.8,-139.0333,78.76,76,20,18.41
14,Port Moresby,PG,2022-02-07 00:08:37,-9.4431,147.1797,83.05,67,100,5.75
15,Matagami,CA,2022-02-07 00:08:38,49.7502,-77.6328,10.51,85,100,4.61
16,Hermanus,ZA,2022-02-07 00:07:30,-34.4187,19.2345,64.9,95,21,3.29
17,Kruisfontein,ZA,2022-02-07 00:05:56,-34.0033,24.7314,69.89,64,83,2.35
18,Saskylakh,RU,2022-02-07 00:08:38,71.9167,114.0833,-23.35,100,97,2.95
19,Puerto Ayora,EC,2022-02-07 00:03:42,-0.7393,-90.3518,75.54,90,36,4.0
20,Grand Gaube,MU,2022-02-07 00:08:38,-20.0064,57.6608,77.38,83,90,1.99
21,Yellowknife,CA,2022-02-07 00:08:39,62.456,-114.3525,-1.68,84,75,3.44
22,Somerset West,ZA,2022-02-07 00:08:39,-34.084,18.8211,65.21,89,25,1.81
23,Komsomolskiy,UZ,2022-02-07 00:08:39,40.4272,71.7189,38.12,87,75,4.61
24,Naze,JP,2022-02-07 00:08:23,28.3667,129.4833,53.65,58,100,4.85
25,Sao Filipe,CV,2022-02-07 00:08:40,14.8961,-24.4956,72.81,76,1,5.17
26,Abu Samrah,SY,2022-02-07 00:08:40,35.3029,37.1841,47.59,94,100,2.48
27,Sangar,RU,2022-02-07 00:08:40,63.9242,127.4739,-37.48,97,95,2.62
28,Hobart,AU,2022-02-07 00:08:12,-42.8794,147.3294,75.02,50,20,1.99
29,La Paz,BO,2022-02-07 00:07:04,-16.5,-68.15,44.58,100,100,6.91
30,Kieta,PG,2022-02-07 00:05:07,-6.2167,155.6333,85.93,67,100,8.3
31,Saint Anthony,US,2022-02-07 00:08:41,45.0205,-93.218,14.2,67,100,4.0
32,Labuhan,ID,2022-02-07 00:08:41,-6.8844,112.2051,79.25,85,100,5.23
33,Inyonga,TZ,2022-02-07 00:08:42,-6.7167,32.0667,64.85,90,100,2.24
34,Palmer,US,2022-02-07 00:08:42,42.1584,-72.3287,24.35,70,100,2.66
35,Ushuaia,AR,2022-02-07 00:06:41,-54.8,-68.3,56.91,90,100,7.34
36,Avarua,CK,2022-02-07 00:08:42,-21.2078,-159.775,84.25,74,40,14.97
37,Ancud,CL,2022-02-07 00:08:43,-41.8697,-73.8203,66.22,82,8,4.18
38,Butaritari,KI,2022-02-07 00:08:43,3.0707,172.7902,82.36,75,51,15.37
39,Benjamin Aceval,PY,2022-02-07 00:08:43,-24.9667,-57.5667,72.75,57,0,2.26
40,Jian,CN,2022-02-07 00:08:44,27.1172,114.9793,40.28,94,100,10.58
41,Albany,US,2022-02-07 00:04:08,42.6001,-73.9662,21.45,75,62,1.01
42,Westport,US,2022-02-07 00:06:53,41.1415,-73.3579,29.05,77,0,5.01
43,Japura,ID,2022-02-07 00:08:44,-0.3167,102.35,72.54,98,98,2.44
44,Bambous Virieux,MU,2022-02-07 00:08:45,-20.3428,57.7575,77.22,83,92,9.8
45,Kindu,CD,2022-02-07 00:05:49,-2.95,25.95,70.92,89,100,0.6
46,Lakselv,NO,2022-02-07 00:04:54,70.0513,24.9718,22.82,74,83,26.46
47,Cherskiy,RU,2022-02-07 00:09:45,68.75,161.3,-29.81,100,23,0.76
48,Srednekolymsk,RU,2022-02-07 00:09:46,67.45,153.6833,-35.66,99,57,0.87
49,Tiznit,MA,2022-02-07 00:09:46,29.5833,-9.5,61.34,33,5,3.18
50,Samaipata,BO,2022-02-07 00:09:46,-18.15,-63.8667,53.11,91,100,3.98
51,Provideniya,RU,2022-02-07 00:09:47,64.3833,-173.3,3.31,66,0,6.71
52,Merauke,ID,2022-02-07 00:09:47,-8.4667,140.3333,83.48,76,100,5.88
53,Saint-Denis,FR,2022-02-07 00:09:47,48.9167,2.3333,48.76,81,75,5.01
54,Tasiilaq,GL,2022-02-07 00:09:48,65.6145,-37.6368,23.16,58,100,49.26
55,Flin Flon,CA,2022-02-07 00:09:48,54.7682,-101.865,2.84,94,100,9.78
56,Pevek,RU,2022-02-07 00:08:43,69.7008,170.3133,-23.33,98,21,0.81
57,Thompson,CA,2022-02-07 00:09:48,55.7435,-97.8558,-6.86,93,32,7.29
58,Hithadhoo,MV,2022-02-07 00:09:49,-0.6,73.0833,81.99,72,31,14.14
59,Georgetown,MY,2022-02-07 00:09:49,5.4112,100.3354,76.95,90,20,4.61
60,Mataura,NZ,2022-02-07 00:09:49,-46.1927,168.8643,60.48,40,6,1.07
61,Young,UY,2022-02-07 00:09:50,-32.6833,-57.6333,66.22,57,1,6.78
62,Clarksburg,US,2022-02-07 00:05:26,39.2807,-80.3445,36.28,84,1,2.24
63,Port Augusta,AU,2022-02-07 00:09:50,-32.5,137.7667,88.7,21,9,19.42
64,Ribeira Grande,PT,2022-02-07 00:09:51,38.5167,-28.7,61.36,84,11,12.62
65,Bethel,US,2022-02-07 00:09:48,41.3712,-73.414,27.0,72,0,4.61
66,Cidreira,BR,2022-02-07 00:07:04,-30.1811,-50.2056,71.47,72,6,10.98
67,Deputatskiy,RU,2022-02-07 00:09:51,69.3,139.9,-35.43,98,79,5.28
68,Dikson,RU,2022-02-07 00:09:51,73.5069,80.5464,-15.39,98,96,14.25
69,Olafsvik,IS,2022-02-07 00:09:52,64.8945,-23.7142,29.46,68,100,25.79
70,Moose Factory,CA,2022-02-07 00:05:20,51.2585,-80.6094,-4.4,95,100,8.16
71,Margahayu,ID,2022-02-07 00:09:52,-6.4264,105.8646,79.07,86,100,14.56
72,Clyde River,CA,2022-02-07 00:05:52,70.4692,-68.5914,-37.17,97,82,5.35
73,Los Llanos De Aridane,ES,2022-02-07 00:09:53,28.6585,-17.9182,62.35,70,75,20.0
74,Tuktoyaktuk,CA,2022-02-07 00:08:56,69.4541,-133.0374,-19.35,98,100,14.38
75,Bairiki,KI,2022-02-07 00:09:53,1.3292,172.9752,81.88,75,35,15.43
76,Tukrah,LY,2022-02-07 00:09:54,32.5341,20.5791,56.05,74,94,8.23
77,Khonsa,IN,2022-02-07 00:09:54,27.0167,95.5667,42.06,90,1,3.53
78,Pravia,ES,2022-02-07 00:09:54,43.4906,-6.1508,44.89,76,0,9.22
79,Ketchikan,US,2022-02-07 00:09:45,55.3422,-131.6461,46.38,93,100,16.11
80,Jamestown,US,2022-02-07 00:06:35,42.097,-79.2353,31.59,47,0,5.01
81,Lagoa,PT,2022-02-07 00:09:55,39.05,-27.9833,59.67,87,41,16.33
82,Ahipara,NZ,2022-02-07 00:09:55,-35.1667,173.1667,76.66,92,96,7.34
83,Saint George,US,2022-02-07 00:07:59,37.1041,-113.5841,61.27,18,0,5.01
84,Cabo San Lucas,MX,2022-02-07 00:09:55,22.8909,-109.9124,72.61,66,20,1.01
85,Port Alfred,ZA,2022-02-07 00:09:56,-33.5906,26.891,74.84,79,91,6.38
86,Homer,US,2022-02-07 00:09:23,59.6425,-151.5483,30.09,90,100,18.41
87,Praxedis Guerrero,MX,2022-02-07 00:10:56,31.3667,-106.0167,55.42,27,2,14.16
88,Bhag,PK,2022-02-07 00:10:57,29.0415,67.8239,61.65,28,4,3.8
89,Tiksi,RU,2022-02-07 00:10:57,71.6872,128.8694,-16.11,99,100,5.28
90,Nuevo Progreso,MX,2022-02-07 00:10:57,23.1667,-97.95,68.59,50,13,4.0
91,Castro,BR,2022-02-07 00:08:57,-24.7911,-50.0119,65.37,83,47,1.86
92,Vokhtoga,RU,2022-02-07 00:10:58,58.8147,41.0461,8.73,97,100,5.7
93,Nanortalik,GL,2022-02-07 00:10:58,60.1432,-45.2371,18.61,63,100,34.92
94,Hualmay,PE,2022-02-07 00:10:58,-11.0964,-77.6139,71.04,78,88,7.16
95,Manolas,GR,2022-02-07 00:10:59,38.05,21.35,56.28,93,40,0.0
96,Sao Felix Do Xingu,BR,2022-02-07 00:10:59,-6.6447,-51.995,73.54,93,91,1.03
97,Ponta Do Sol,PT,2022-02-07 00:10:59,32.6667,-17.1,63.23,65,11,10.27
98,Chokurdakh,RU,2022-02-07 00:10:05,70.6333,147.9167,-41.22,100,85,2.62
99,Aljezur,PT,2022-02-07 00:11:00,37.3191,-8.8033,52.03,69,2,8.57
100,Novooleksiyivka,UA,2022-02-07 00:11:00,46.2269,34.6428,36.27,85,100,13.51
101,Khokhlovo,RU,2022-02-07 00:11:00,59.1492,37.3998,11.95,97,95,7.94
102,Ende,ID,2022-02-07 00:11:01,-8.8432,121.6623,82.44,75,22,4.43
103,Riachao,BR,2022-02-07 00:11:01,-7.3619,-46.6172,75.24,83,68,4.25
104,Tura,IN,2022-02-07 00:11:01,25.5198,90.2201,51.13,79,0,3.11
105,Mehamn,NO,2022-02-07 00:11:02,71.0357,27.8492,16.5,86,32,13.67
106,Punta Cardon,VE,2022-02-07 00:11:02,11.6581,-70.215,78.24,77,4,21.54
107,Lompoc,US,2022-02-07 00:11:02,34.6391,-120.4579,76.57,60,0,9.22
108,Nikolskoye,RU,2022-02-07 00:11:03,59.7035,30.7861,35.71,93,100,11.05
109,Asosa,ET,2022-02-07 00:11:03,10.0667,34.5333,61.5,29,70,6.26
110,Mahebourg,MU,2022-02-07 00:11:03,-20.4081,57.7,77.25,84,88,10.18
111,Carmo Do Cajuru,BR,2022-02-07 00:10:58,-20.1842,-44.7711,67.01,98,100,3.51
112,Beloha,MG,2022-02-07 00:11:04,-25.1667,45.05,74.25,93,100,15.17
113,Azad Shahr,IR,2022-02-07 00:11:04,34.7909,48.5707,27.64,69,74,5.35
114,Isangel,VU,2022-02-07 00:11:05,-19.55,169.2667,81.01,88,100,15.26
115,Ust-Omchug,RU,2022-02-07 00:11:05,61.15,149.6333,-21.01,81,1,2.26
116,Kodiak,US,2022-02-07 00:11:05,57.79,-152.4072,36.91,44,100,11.5
117,Plettenberg Bay,ZA,2022-02-07 00:11:06,-34.0527,23.3716,72.16,56,26,5.75
118,Wadern,DE,2022-02-07 00:11:06,49.5333,6.8833,41.5,90,100,15.99
119,Kununurra,AU,2022-02-07 00:11:06,-15.7667,128.7333,76.98,94,75,5.75
120,Luderitz,NA,2022-02-07 00:11:07,-26.6481,15.1594,69.35,72,35,7.34
121,Pulandian,CN,2022-02-07 00:11:07,39.3953,121.9669,23.13,74,69,3.76
122,Constitucion,CL,2022-02-07 00:06:57,-35.3333,-72.4167,60.84,76,7,9.13
123,Kasongo-Lunda,CD,2022-02-07 00:11:07,-6.4667,16.8167,70.29,97,100,0.78
124,Port Hardy,CA,2022-02-07 00:11:08,50.6996,-127.4199,49.75,82,100,15.05
125,Dingle,PH,2022-02-07 00:11:08,10.9995,122.6711,78.17,81,90,11.21
126,Kaitangata,NZ,2022-02-07 00:11:09,-46.2817,169.8464,58.93,77,6,6.22
127,Ilabaya,PE,2022-02-07 00:11:09,-17.4208,-70.5133,67.01,71,78,3.51
128,Ukiah,US,2022-02-07 00:11:09,39.1502,-123.2078,73.65,27,0,3.44
129,Khatanga,RU,2022-02-07 00:11:09,71.9667,102.5,-15.41,98,99,9.26
130,Lata,PT,2022-02-07 00:11:10,40.1629,-8.3327,47.05,65,34,4.03
131,San Carlos De Bariloche,AR,2022-02-07 00:08:10,-41.1456,-71.3082,73.15,27,0,4.61
132,Punta Arenas,CL,2022-02-07 00:08:54,-53.15,-70.9167,53.71,82,75,9.22
133,Lardos,GR,2022-02-07 00:12:10,36.0942,28.0157,53.94,66,2,2.82
134,Ryotsu,JP,2022-02-07 00:12:11,38.0833,138.4333,31.96,64,100,16.71
135,Gold Coast,AU,2022-02-07 00:09:41,-28.0,153.4333,82.78,75,67,7.0
136,Kapaa,US,2022-02-07 00:11:31,22.0752,-159.319,78.78,73,100,5.99
137,Mount Gambier,AU,2022-02-07 00:12:11,-37.8333,140.7667,82.08,23,0,8.48
138,Taseyevo,RU,2022-02-07 00:12:11,57.2169,94.8978,6.31,96,100,2.13
139,Bluff,NZ,2022-02-07 00:11:47,-46.6,168.3333,60.8,62,1,11.01
140,Guanica,PR,2022-02-07 00:12:12,17.9716,-66.908,74.21,91,74,1.99
141,North Bend,US,2022-02-07 00:12:12,43.4065,-124.2243,64.24,50,0,3.44
142,Temple,US,2022-02-07 00:09:25,31.0982,-97.3428,54.21,40,0,5.75
143,San Cristobal,VE,2022-02-07 00:10:36,7.7669,-72.225,69.98,75,81,1.25
144,Upernavik,GL,2022-02-07 00:12:13,72.7868,-56.1549,-15.84,99,100,9.73
145,Alice Town,BS,2022-02-07 00:12:13,25.7167,-79.3,74.19,75,20,3.94
146,Sao Joao Do Paraiso,BR,2022-02-07 00:12:13,-15.3136,-42.0144,67.01,89,100,2.95
147,Okhotsk,RU,2022-02-07 00:12:14,59.3833,143.3,-3.42,73,97,8.84
148,Bredasdorp,ZA,2022-02-07 00:12:14,-34.5322,20.0403,61.29,91,2,5.73
149,Adrar,MR,2022-02-07 00:12:14,20.5022,-10.0711,66.4,10,0,9.4
150,Avera,US,2022-02-07 00:12:15,33.194,-82.5271,46.71,53,100,6.15
151,Majene,ID,2022-02-07 00:12:15,-3.5403,118.9707,78.08,88,100,1.59
152,Port Hedland,AU,2022-02-07 00:12:15,-20.3167,118.5667,78.85,100,40,3.44
153,Northam,GB,2022-02-07 00:12:16,51.0333,-4.2167,46.62,76,14,17.96
154,Miri,MY,2022-02-07 00:12:16,4.4148,114.0089,76.42,92,89,3.8
155,Arlit,NE,2022-02-07 00:12:16,18.7369,7.3853,63.73,10,0,8.99
156,Qaanaaq,GL,2022-02-07 00:12:17,77.484,-69.3632,-12.98,59,31,8.28
157,Nome,US,2022-02-07 00:09:45,64.5011,-165.4064,-0.33,60,0,11.5
158,Severo-Kurilsk,RU,2022-02-07 00:11:30,50.6789,156.125,31.41,79,100,11.81
159,Xuddur,SO,2022-02-07 00:12:17,4.1213,43.8894,68.58,69,40,12.28
160,San Patricio,US,2022-02-07 00:12:17,28.017,-97.5169,63.01,73,67,9.28
161,Bengkulu,ID,2022-02-07 00:11:23,-3.8004,102.2655,75.04,88,97,7.67
162,Yar-Sale,RU,2022-02-07 00:12:18,66.8333,70.8333,-9.44,100,83,8.93
163,Norman Wells,CA,2022-02-07 00:12:18,65.282,-126.8329,-10.73,95,100,11.03
164,Puerto Colombia,CO,2022-02-07 00:10:14,10.9878,-74.9547,78.89,82,2,24.0
165,Ayan,RU,2022-02-07 00:12:19,56.45,138.1667,-0.49,68,91,8.77
166,Saldus,LV,2022-02-07 00:12:19,56.6636,22.4881,32.18,100,100,5.97
167,Presidencia Roque Saenz Pena,AR,2022-02-07 00:10:47,-26.7852,-60.4388,72.52,42,0,6.17
168,East London,ZA,2022-02-07 00:08:54,-33.0153,27.9116,72.57,84,49,14.74
169,Haines Junction,CA,2022-02-07 00:12:19,60.7522,-137.5108,33.39,89,78,9.51
170,Narsaq,GL,2022-02-07 00:12:20,60.9167,-46.05,8.82,85,100,0.6
171,Vila Velha,BR,2022-02-07 00:10:36,-20.3297,-40.2925,80.55,85,75,5.99
172,Khash,IR,2022-02-07 00:12:20,28.2211,61.2158,47.3,35,45,6.22
173,Juba,SS,2022-02-07 00:12:21,4.8517,31.5825,73.0,26,96,3.36
174,Ixtapa,MX,2022-02-07 00:12:21,20.7,-105.2,74.43,78,75,12.66
175,Sitka,US,2022-02-07 00:12:21,57.0531,-135.33,44.49,76,100,12.66
176,Mongo,TD,2022-02-07 00:12:22,12.1844,18.693,70.39,17,0,6.78
177,Viedma,AR,2022-02-07 00:12:22,-40.8135,-62.9967,64.13,65,2,12.88
178,Kalamare,BW,2022-02-07 00:12:22,-22.9337,26.5703,64.8,70,59,9.01
179,Alta Floresta,BR,2022-02-07 00:12:22,-9.8756,-56.0861,73.36,95,71,0.81
180,Bonthe,SL,2022-02-07 00:13:23,7.5264,-12.505,77.68,89,24,5.68
181,Port Elizabeth,ZA,2022-02-07 00:09:07,-33.918,25.5701,72.1,75,99,0.94
182,Lebu,CL,2022-02-07 00:13:23,-37.6167,-73.65,60.48,88,0,13.73
183,Yulara,AU,2022-02-07 00:12:11,-25.2406,130.9889,80.8,25,0,13.4
184,Matara,LK,2022-02-07 00:12:23,5.9485,80.5353,74.34,88,94,4.54
185,Santa Rosa De Viterbo,BR,2022-02-07 00:13:24,-21.4728,-47.3631,68.47,97,100,1.57
186,Whitecourt,CA,2022-02-07 00:10:13,54.1502,-115.6855,38.57,76,93,6.17
187,Alta,NO,2022-02-07 00:13:24,69.9689,23.2717,22.26,71,73,11.5
188,Bilma,NE,2022-02-07 00:13:24,18.6853,12.9164,60.22,17,0,8.1
189,Norrtalje,SE,2022-02-07 00:13:25,59.758,18.705,32.07,93,28,4.47
190,Funadhoo,MV,2022-02-07 00:13:25,6.15,73.2667,80.01,73,53,6.62
191,Saldanha,ZA,2022-02-07 00:08:52,-33.0117,17.9442,63.25,97,20,10.47
192,Nanchang,CN,2022-02-07 00:13:25,28.6833,115.8833,34.47,98,100,8.46
193,Kantang,TH,2022-02-07 00:13:26,7.4054,99.5156,74.14,90,90,2.33
194,Samfya,ZM,2022-02-07 00:13:26,-11.3649,29.5565,64.81,95,99,4.47
195,Upata,VE,2022-02-07 00:13:26,8.0086,-62.3989,71.19,94,44,4.79
196,Kisangani,CD,2022-02-07 00:13:27,0.5167,25.2,69.24,55,58,0.83
197,Arraial Do Cabo,BR,2022-02-07 00:12:49,-22.9661,-42.0278,76.53,89,14,21.83
198,Portel,BR,2022-02-07 00:13:27,-1.9356,-50.8211,74.39,96,99,4.88
199,Mount Isa,AU,2022-02-07 00:13:28,-20.7333,139.5,83.97,54,43,10.36
200,Boma,GH,2022-02-07 00:13:28,7.0805,-2.1697,76.66,70,81,2.73
201,Jalu,LY,2022-02-07 00:13:28,29.0331,21.5482,57.18,32,20,6.04
202,Chuy,UY,2022-02-07 00:10:19,-33.6971,-53.4616,64.17,59,5,13.96
203,Salalah,OM,2022-02-07 00:13:29,17.0151,54.0924,75.29,27,0,14.97
204,Mangrol,IN,2022-02-07 00:13:29,21.1167,70.1167,63.48,76,6,8.52
205,Nemuro,JP,2022-02-07 00:13:29,43.3236,145.575,28.83,73,55,11.61
206,Vaijapur,IN,2022-02-07 00:13:30,19.9167,74.7333,64.17,33,21,7.85
207,Belaya Gora,RU,2022-02-07 00:13:30,68.5333,146.4167,-44.28,99,73,0.98
208,Barrow,US,2022-02-07 00:13:30,71.2906,-156.7887,-25.58,68,0,12.66
209,Charters Towers,AU,2022-02-07 00:13:31,-20.1,146.2667,79.39,55,85,10.89
210,Sao Joao Da Barra,BR,2022-02-07 00:09:23,-21.6403,-41.0511,77.23,86,0,24.0
211,Erfurt,DE,2022-02-07 00:13:31,50.9833,11.0333,40.5,84,75,16.11
212,Maragogi,BR,2022-02-07 00:13:31,-9.0122,-35.2225,79.32,74,60,10.63
213,Katherine,AU,2022-02-07 00:11:25,-14.4667,132.2667,82.72,78,75,6.91
214,Ankang,CN,2022-02-07 00:13:32,32.68,109.0172,28.94,91,100,2.64
215,Fortuna,US,2022-02-07 00:10:08,40.5982,-124.1573,65.43,94,100,5.75
216,Airai,TL,2022-02-07 00:13:32,-8.9266,125.4092,68.97,74,71,1.21
217,Kannad,IN,2022-02-07 00:13:33,20.2667,75.1333,61.81,35,6,3.67
218,Mankono,CI,2022-02-07 00:13:33,8.0586,-6.1897,77.22,22,2,2.93
219,Chimore,BO,2022-02-07 00:13:33,-16.9833,-65.1333,69.84,98,100,2.46
220,Wattegama,LK,2022-02-07 00:13:33,6.7989,81.4808,70.38,82,93,4.38
221,Kaohsiung,TW,2022-02-07 00:12:40,22.6163,120.3133,63.03,81,75,2.3
222,Touba,CI,2022-02-07 00:13:34,8.2833,-7.6833,75.85,17,1,3.42
223,Krasnoselkup,RU,2022-02-07 00:13:34,65.7,82.4667,-21.53,100,37,7.7
224,Codrington,AU,2022-02-07 00:13:35,-38.2667,141.9667,79.03,32,0,5.57
225,Beringovskiy,RU,2022-02-07 00:11:54,63.05,179.3167,-13.74,95,34,5.48
226,Jinka,ET,2022-02-07 00:13:35,5.65,36.65,68.0,31,35,1.59
227,Pangai,TO,2022-02-07 00:13:35,-19.8,-174.35,77.11,83,100,10.36
228,Ust-Maya,RU,2022-02-07 00:14:36,60.4167,134.5333,-34.87,99,95,1.43
229,Cravo Norte,CO,2022-02-07 00:14:36,6.3017,-70.2041,89.4,36,90,5.91
230,Limbang,MY,2022-02-07 00:14:36,4.75,115.0,77.11,93,100,1.28
231,Acapulco,MX,2022-02-07 00:12:39,16.8634,-99.8901,84.02,61,0,10.36
232,Pisco,PE,2022-02-07 00:12:37,-13.7,-76.2167,68.02,94,0,6.91
233,Mar Del Plata,AR,2022-02-07 00:11:19,-38.0023,-57.5575,66.09,82,75,4.0
234,Coutances,FR,2022-02-07 00:14:37,49.05,-1.4333,49.86,82,69,14.88
235,Ambilobe,MG,2022-02-07 00:14:37,-13.2,49.05,73.6,95,95,1.61
236,Vardo,NO,2022-02-07 00:14:38,70.3705,31.1107,23.25,81,78,19.48
237,Te Anau,NZ,2022-02-07 00:14:38,-45.4167,167.7167,61.68,51,48,2.37
238,Kurchum,KZ,2022-02-07 00:14:38,48.5722,83.6542,3.76,74,0,1.25
239,El Alto,PE,2022-02-07 00:14:39,-4.2714,-81.2147,70.66,77,34,13.04
240,Cabedelo,BR,2022-02-07 00:13:39,-6.9811,-34.8339,79.72,71,5,13.47
241,Yermakovskoye,RU,2022-02-07 00:14:29,53.2831,92.4003,-4.38,95,99,1.81
242,Lensk,RU,2022-02-07 00:14:39,60.7253,114.9278,5.67,96,100,4.74
243,Kangaatsiaq,GL,2022-02-07 00:14:40,68.3065,-53.4641,8.35,86,100,18.03
244,Ormara,PK,2022-02-07 00:14:40,25.2088,64.6357,70.29,84,7,8.19
245,Torbay,CA,2022-02-07 00:14:40,47.6666,-52.7314,13.26,75,20,17.27
246,Cockburn Town,TC,2022-02-07 00:10:08,21.4612,-71.1419,75.16,57,20,9.22
247,Neya,RU,2022-02-07 00:14:41,58.2972,43.8681,-3.84,100,99,3.13
248,Kumluca,TR,2022-02-07 00:14:41,36.3703,30.2869,44.67,57,0,6.42
249,Solnechnyy,RU,2022-02-07 00:14:41,50.7214,136.6319,0.1,95,99,2.42
250,Leningradskiy,RU,2022-02-07 00:11:43,69.3833,178.4167,-24.29,99,30,3.13
251,Kargasok,RU,2022-02-07 00:14:42,59.0556,80.8572,-7.11,100,92,4.41
252,Guerrero Negro,MX,2022-02-07 00:14:42,27.9769,-114.0611,66.2,28,0,11.32
253,Eydhafushi,MV,2022-02-07 00:14:42,5.1033,73.0708,80.31,70,49,6.73
254,Rocha,UY,2022-02-07 00:11:54,-34.4833,-54.3333,62.87,84,50,20.49
255,Melfort,CA,2022-02-07 00:14:43,52.8667,-104.6177,15.93,86,100,16.11
256,Port Blair,IN,2022-02-07 00:14:43,11.6667,92.75,78.03,82,18,11.88
257,Samarai,PG,2022-02-07 00:14:43,-10.6167,150.6667,85.23,66,100,9.62
258,Igarka,RU,2022-02-07 00:14:44,67.4667,86.5833,-22.14,99,51,8.25
259,Zyryanka,RU,2022-02-07 00:12:15,65.75,150.85,-34.62,98,48,4.94
260,San Quintin,MX,2022-02-07 00:14:44,30.4833,-115.95,63.95,34,0,7.0
261,Malanje,AO,2022-02-07 00:14:44,-9.5402,16.341,62.1,77,100,2.82
262,Hovd,MN,2022-02-07 00:14:45,48.0056,91.6419,-14.55,69,13,3.65
263,Neiafu,TO,2022-02-07 00:14:45,-18.65,-173.9833,74.08,88,100,11.5
264,Berbera,SO,2022-02-07 00:14:45,10.4396,45.0143,75.63,84,98,2.91
265,Nagua,DO,2022-02-07 00:14:46,19.3832,-69.8474,71.85,86,65,7.54
266,La Primavera,CO,2022-02-07 00:14:46,5.4906,-70.4092,89.2,37,91,4.45
267,Itarema,BR,2022-02-07 00:12:32,-2.9248,-39.9167,79.72,77,42,12.59
268,Nuuk,GL,2022-02-07 00:14:46,64.1835,-51.7216,9.21,56,75,13.8
269,Barceloneta,PR,2022-02-07 00:14:47,18.4505,-66.5385,74.25,99,49,12.57
270,Tenenkou,ML,2022-02-07 00:14:47,14.4572,-4.9169,71.11,11,0,9.51
271,Bouar,CF,2022-02-07 00:14:47,5.934,15.596,65.53,26,7,4.76
272,Okato,NZ,2022-02-07 00:15:48,-39.2,173.8833,70.92,76,100,7.81
273,Sorland,NO,2022-02-07 00:15:48,67.667,12.6934,36.12,62,100,9.48
274,Otaru,JP,2022-02-07 00:15:48,43.1894,141.0022,28.24,72,94,11.9
275,Kapit,MY,2022-02-07 00:15:49,2.0167,112.9333,74.25,98,100,0.51
276,Gat,IL,2022-02-07 00:10:51,31.61,34.7642,54.91,100,44,7.05
277,Antalaha,MG,2022-02-07 00:15:49,-14.9003,50.2788,75.33,88,97,3.76
278,Soddy-Daisy,US,2022-02-07 00:15:50,35.2359,-85.1908,42.64,69,0,2.35
279,Auriflama,BR,2022-02-07 00:15:50,-20.6856,-50.5547,72.86,92,86,5.66
280,Bandarbeyla,SO,2022-02-07 00:15:05,9.4942,50.8122,74.7,74,76,13.4
281,Edd,ER,2022-02-07 00:15:50,13.9297,41.6925,74.37,72,60,7.96
282,Khani,GE,2022-02-07 00:15:51,41.9563,42.9566,24.37,98,100,1.45
283,Catalina,US,2022-02-07 00:11:39,32.5056,-110.9211,67.86,13,0,1.01
284,Rudbar,AF,2022-02-07 00:15:51,30.15,62.6,51.93,31,0,8.32
285,Marsh Harbour,BS,2022-02-07 00:12:20,26.5412,-77.0636,74.08,73,76,12.35
286,Acajutla,SV,2022-02-07 00:15:52,13.5928,-89.8275,82.8,59,26,2.46
287,Husavik,IS,2022-02-07 00:15:52,66.0449,-17.3389,19.31,92,99,10.11
288,Chongwe,ZM,2022-02-07 00:15:52,-15.3292,28.682,60.57,96,80,2.37
289,Quelimane,MZ,2022-02-07 00:15:53,-17.8786,36.8883,72.59,97,93,5.88
290,Hasaki,JP,2022-02-07 00:15:53,35.7333,140.8333,37.29,40,4,11.74
291,Aginskoye,RU,2022-02-07 00:15:53,51.1,114.53,3.65,94,21,7.61
292,Sabha,LY,2022-02-07 00:15:54,27.0377,14.4283,55.71,22,66,9.55
293,Prince Rupert,CA,2022-02-07 00:15:06,54.3161,-130.3201,48.29,66,100,17.27
294,Aranos,NA,2022-02-07 00:15:54,-24.1333,19.1167,76.3,49,80,10.22
295,Vilyuysk,RU,2022-02-07 00:15:54,63.7553,121.6247,-17.37,97,100,7.29
296,Henties Bay,NA,2022-02-07 00:15:55,-22.116,14.2845,69.85,81,92,5.93
297,Kitale,KE,2022-02-07 00:15:55,1.0157,35.0062,57.83,59,99,1.92
298,Bud,US,2022-02-07 00:11:33,39.447,-86.1758,32.02,80,63,5.08
299,Aktau,KZ,2022-02-07 00:15:55,43.65,51.2,39.78,68,96,11.07
300,Manicore,BR,2022-02-07 00:15:56,-5.8092,-61.3003,74.73,97,92,1.3
301,Soure,BR,2022-02-07 00:15:56,-0.7167,-48.5233,76.95,88,100,5.88
302,College,US,2022-02-07 00:13:34,64.8569,-147.8028,-1.71,77,100,3.44
303,Umea,SE,2022-02-07 00:15:56,63.8284,20.2597,28.33,93,100,4.61
304,Lishui,CN,2022-02-07 00:15:57,28.4604,119.9103,42.35,95,100,3.38
305,Urengoy,RU,2022-02-07 00:12:50,65.9667,78.3667,-26.9,100,86,4.16
306,Guasdualito,VE,2022-02-07 00:15:57,7.2424,-70.7324,86.0,51,28,2.3
307,Banfora,BF,2022-02-07 00:15:58,10.6333,-4.7667,76.98,14,0,4.68
308,Bowmore,US,2022-02-07 00:15:58,34.9421,-79.3031,44.69,50,100,1.99
309,Hobyo,SO,2022-02-07 00:15:59,5.3505,48.5268,76.1,70,78,18.21
310,Estefania,PH,2022-02-07 00:15:59,17.7976,121.7253,70.47,94,100,1.41
311,Belmonte,BR,2022-02-07 00:15:59,-15.8631,-38.8828,79.3,85,22,6.62
312,Mongoumba,CF,2022-02-07 00:15:59,3.6415,18.5936,72.95,36,43,1.63
313,Namibe,AO,2022-02-07 00:16:00,-15.1961,12.1522,73.67,68,97,10.38
314,Moroceli,HN,2022-02-07 00:16:00,14.1167,-86.8667,72.43,82,98,4.23
315,Nouadhibou,MR,2022-02-07 00:16:00,20.931,-17.0347,64.38,94,30,11.5
316,Seguela,CI,2022-02-07 00:16:01,7.9611,-6.6731,75.85,26,3,2.44
317,Kailua,US,2022-02-07 00:16:01,21.4022,-157.7394,84.18,73,21,5.99
318,Krasnyy Chikoy,RU,2022-02-07 00:17:02,50.3643,108.7512,-5.57,99,95,2.3
319,Lokosovo,RU,2022-02-07 00:17:02,61.1333,74.8167,-4.09,99,40,7.07
320,Amapa,BR,2022-02-07 00:17:02,1.0,-52.0,71.64,100,100,2.06
321,Karratha,AU,2022-02-07 00:17:03,-20.7377,116.8463,86.29,67,28,7.09
322,Parkes,AU,2022-02-07 00:17:03,-33.1333,148.1833,76.35,42,0,1.01
323,Maldonado,UY,2022-02-07 00:13:26,-34.6667,-54.9167,65.23,87,82,19.69
324,Santa Cruz,BO,2022-02-07 00:14:08,-17.8,-63.1667,76.17,55,100,6.71
325,Ginda,IN,2022-02-07 00:17:04,30.6945,78.4932,29.37,58,61,5.48
326,Shitkino,RU,2022-02-07 00:17:04,56.3703,98.3543,5.76,97,100,2.91
327,Ornskoldsvik,SE,2022-02-07 00:16:30,63.2909,18.7153,25.75,100,100,3.44
328,Port Macquarie,AU,2022-02-07 00:17:05,-31.4333,152.9167,69.89,71,86,15.99
329,Bambanglipuro,ID,2022-02-07 00:17:05,-7.95,110.2833,77.4,87,100,4.41
330,Santa Marta,CO,2022-02-07 00:17:06,11.2408,-74.199,79.34,84,4,17.56
331,Qasigiannguit,GL,2022-02-07 00:17:06,68.8193,-51.1922,1.65,98,100,5.12
332,Alvaraes,BR,2022-02-07 00:17:07,-3.2208,-64.8042,80.47,97,80,2.01
333,Cabra,ES,2022-02-07 00:17:07,37.4725,-4.4421,51.91,83,4,2.93
334,Sao Jose Da Coroa Grande,BR,2022-02-07 00:12:07,-8.8978,-35.1478,79.5,74,46,11.39
335,Pangoa,PE,2022-02-07 00:17:07,-12.1167,-73.0,70.65,91,100,1.39
336,Nishihara,JP,2022-02-07 00:17:08,26.1842,127.7558,60.08,63,75,4.61
337,Ossora,RU,2022-02-07 00:17:08,59.2353,163.0719,10.11,80,100,10.78
338,Necochea,AR,2022-02-07 00:17:08,-38.5473,-58.7368,61.03,74,75,14.63
339,Kurumkan,RU,2022-02-07 00:17:09,54.3,110.3,-4.92,95,56,4.25
340,Mto Wa Mbu,TZ,2022-02-07 00:17:09,-3.35,35.85,69.01,81,100,0.27
341,Ayni,TJ,2022-02-07 00:17:09,39.3941,68.5377,21.15,88,84,6.53
342,Jinchang,CN,2022-02-07 00:17:10,38.4953,102.1739,7.72,92,74,3.36
343,Kampot,KH,2022-02-07 00:17:10,10.6167,104.1833,75.25,70,93,4.88
344,Souillac,MU,2022-02-07 00:15:25,-20.5167,57.5167,79.18,83,40,8.05
345,Teya,RU,2022-02-07 00:17:11,60.3778,92.6267,6.62,99,100,2.77
346,Tanabi,BR,2022-02-07 00:17:11,-20.6264,-49.6492,73.62,92,89,3.42
347,Kaduy,RU,2022-02-07 00:17:11,59.2,37.15,14.23,96,96,8.32
348,Finnsnes,NO,2022-02-07 00:17:12,69.2296,17.9811,28.36,90,100,4.56
349,Staryy Nadym,RU,2022-02-07 00:17:12,65.6118,72.6842,-17.52,100,86,7.54
350,San Juan,AR,2022-02-07 00:13:32,-31.5375,-68.5364,78.39,32,0,10.85
351,Riyadh,SA,2022-02-07 00:15:14,24.6877,46.7219,48.34,42,0,6.08
352,Eyl,SO,2022-02-07 00:17:12,7.9803,49.8164,73.38,75,98,14.25
353,Itoman,JP,2022-02-07 00:17:13,26.1247,127.6694,60.82,63,75,4.61
354,Lavrentiya,RU,2022-02-07 00:16:25,65.5833,-171.0,-10.93,93,15,5.55
355,Evensk,RU,2022-02-07 00:17:13,61.95,159.2333,1.99,71,0,7.76
356,Cayenne,GF,2022-02-07 00:17:14,4.9333,-52.3333,80.1,86,100,5.99
357,Mollendo,PE,2022-02-07 00:17:14,-17.0231,-72.0147,70.86,80,95,4.5
358,Ewa Beach,US,2022-02-07 00:17:14,21.3156,-158.0072,84.15,52,20,15.01
359,Gashua,NG,2022-02-07 00:17:14,12.871,11.0482,63.28,16,0,9.95
360,Kavieng,PG,2022-02-07 00:17:15,-2.5744,150.7967,83.43,71,45,2.51
361,Alofi,NU,2022-02-07 00:15:16,-19.0595,-169.9187,80.49,89,100,4.61
362,Las Vegas,US,2022-02-07 00:14:34,36.175,-115.1372,66.88,15,0,5.75
363,Sao Miguel Do Araguaia,BR,2022-02-07 00:17:15,-13.275,-50.1628,73.89,89,94,4.79
364,Locri,IT,2022-02-07 00:17:16,38.2414,16.2623,57.56,88,64,7.65
365,Morondava,MG,2022-02-07 00:18:16,-20.2833,44.2833,81.0,82,100,23.26
366,Male,MV,2022-02-07 00:18:11,4.1748,73.5089,80.83,65,54,7.05
367,Mossendjo,CG,2022-02-07 00:18:17,-2.9506,12.7261,69.24,99,42,1.41
368,Laguna,US,2022-02-07 00:18:17,38.421,-121.4238,69.87,44,0,1.99
369,Ilulissat,GL,2022-02-07 00:15:20,69.2167,-51.1,1.42,71,20,10.36
370,Ust-Tsilma,RU,2022-02-07 00:18:17,65.441,52.1498,16.48,90,100,10.13
371,Butte,US,2022-02-07 00:18:18,39.6499,-121.5677,71.82,45,0,6.91
372,Tuatapere,NZ,2022-02-07 00:18:18,-46.1333,167.6833,60.82,47,1,6.15
373,Bathsheba,BB,2022-02-07 00:18:19,13.2167,-59.5167,79.41,78,75,17.27
374,Zharkent,KZ,2022-02-07 00:18:19,44.1628,80.0,25.23,53,98,2.42
375,Portland,US,2022-02-07 00:16:31,45.5234,-122.6762,61.77,65,20,1.99
376,Hamilton,US,2022-02-07 00:15:06,39.1834,-84.5333,33.19,77,0,1.01
377,San Pedro,PH,2022-02-07 00:18:19,14.35,121.0167,78.03,85,75,4.61
378,Tatawin,TN,2022-02-07 00:18:20,32.9297,10.4518,54.48,98,68,4.9
379,Tahoua,NE,2022-02-07 00:18:20,14.8888,5.2692,65.48,11,0,12.71
380,Ust-Ishim,RU,2022-02-07 00:13:35,57.6935,71.1665,0.1,96,98,4.9
381,Nove Mesto Na Morave,CZ,2022-02-07 00:18:21,49.5614,16.0742,40.78,82,100,8.99
382,Korla,CN,2022-02-07 00:18:21,41.7597,86.1469,22.01,50,7,3.33
383,Sweetwater,US,2022-02-07 00:18:21,25.7634,-80.3731,75.22,81,20,8.05
384,Sur,OM,2022-02-07 00:18:22,22.5667,59.5289,70.0,64,1,10.67
385,Thenzawl,IN,2022-02-07 00:18:22,23.3167,92.75,40.51,90,14,2.98
386,Havre-Saint-Pierre,CA,2022-02-07 00:16:59,50.2334,-63.5986,6.8,60,75,12.66
387,Tymovskoye,RU,2022-02-07 00:18:22,50.8456,142.655,6.33,91,100,3.06
388,Halifax,CA,2022-02-07 00:15:25,44.6453,-63.5724,14.0,85,5,3.44
389,Gigmoto,PH,2022-02-07 00:18:23,13.7796,124.39,77.86,85,90,14.16
390,Entre Rios,BR,2022-02-07 00:18:23,-11.9419,-38.0844,73.04,92,81,2.95
391,Havelock,US,2022-02-07 00:16:46,34.8791,-76.9013,46.02,81,65,5.01
392,Padang,ID,2022-02-07 00:17:45,-0.9492,100.3543,71.65,81,100,2.04
393,Makakilo City,US,2022-02-07 00:18:24,21.3469,-158.0858,82.72,53,20,6.91
394,Shambu,ET,2022-02-07 00:18:24,9.5667,37.1,52.79,51,73,1.9
395,Skibbereen,IE,2022-02-07 00:18:25,51.55,-9.2667,50.11,94,82,8.3
396,Iskateley,RU,2022-02-07 00:18:25,67.6803,53.1512,15.1,87,100,16.37
397,Lorengau,PG,2022-02-07 00:18:25,-2.0226,147.2712,82.96,79,100,8.5
398,Hutchinson,US,2022-02-07 00:16:24,38.0608,-97.9298,45.63,47,0,1.99
399,Tessalit,ML,2022-02-07 00:18:26,20.1986,1.0114,62.55,14,0,5.77
400,Mnogovershinnyy,RU,2022-02-07 00:18:26,53.9353,139.9242,1.02,80,100,5.21
401,Lagunas,PE,2022-02-07 00:18:26,-5.2269,-75.6753,76.98,78,100,1.97
402,Moissala,TD,2022-02-07 00:18:27,8.3404,17.7663,72.5,19,52,5.39
403,Kamenka,RU,2022-02-07 00:18:27,51.3223,42.7678,19.42,99,95,6.78
404,Daliang,CN,2022-02-07 00:18:27,22.8504,113.247,62.51,79,100,7.45
405,Grindavik,IS,2022-02-07 00:18:28,63.8424,-22.4338,32.47,64,100,28.77
406,Ondjiva,AO,2022-02-07 00:17:16,-17.0667,15.7333,66.0,89,100,4.12
407,Maridi,SS,2022-02-07 00:15:03,4.9158,29.4742,68.14,24,35,4.21
408,Kushiro,JP,2022-02-07 00:18:28,42.975,144.3747,27.55,54,75,5.75
409,Muros,ES,2022-02-07 00:13:54,42.7762,-9.0603,48.7,89,36,8.52
410,South Lake Tahoe,US,2022-02-07 00:19:29,38.9332,-119.9844,51.06,36,0,0.0
411,Takoradi,GH,2022-02-07 00:18:14,4.8845,-1.7554,79.45,85,91,8.34
412,Marstal,DK,2022-02-07 00:19:29,54.8562,10.5173,35.51,78,97,21.45
413,Lucea,JM,2022-02-07 00:19:29,18.451,-78.1736,78.66,71,9,7.94
414,Dunmore Town,BS,2022-02-07 00:19:30,25.5,-76.65,74.44,67,13,13.89
415,Rivera,UY,2022-02-07 00:19:30,-30.9053,-55.5508,63.45,44,2,7.18
416,Isla Vista,US,2022-02-07 00:19:30,34.4133,-119.861,78.28,33,0,4.61
417,Platteville,US,2022-02-07 00:19:31,42.7342,-90.4785,34.36,93,100,19.57
418,Ringas,IN,2022-02-07 00:19:31,27.35,75.5667,54.39,51,2,4.65
419,Gueret,FR,2022-02-07 00:16:52,46.1667,1.8667,45.23,95,100,12.44
420,Almas,RO,2022-02-07 00:19:31,46.2833,22.2333,34.36,80,96,5.28
421,Dangriga,BZ,2022-02-07 00:15:01,16.9692,-88.2321,76.96,80,50,7.07
422,Aklavik,CA,2022-02-07 00:17:02,68.2191,-135.0107,-22.97,91,100,19.15
423,Porto Walter,BR,2022-02-07 00:19:32,-8.2686,-72.7439,74.52,95,100,2.91
424,Montepuez,MZ,2022-02-07 00:19:32,-13.1256,38.9997,68.92,96,98,4.12
425,Itamaraca,BR,2022-02-07 00:19:33,-7.7478,-34.8256,82.45,71,18,10.85
426,Saint-Francois,FR,2022-02-07 00:19:33,46.4154,3.9054,48.42,87,100,17.27
427,Benemerito De Las Americas,MX,2022-02-07 00:19:33,16.5167,-90.6439,67.19,95,87,0.83
428,Zavitinsk,RU,2022-02-07 00:19:34,50.1167,129.45,-13.72,100,100,0.56
429,Kalmunai,LK,2022-02-07 00:15:29,7.4167,81.8167,74.57,83,94,8.05
430,Kyra,RU,2022-02-07 00:19:34,49.5776,111.9753,0.55,94,64,3.47
431,Geraldton,AU,2022-02-07 00:15:19,-28.7667,114.6,72.01,49,75,13.8
432,Xai-Xai,MZ,2022-02-07 00:19:35,-25.0519,33.6442,75.61,82,28,12.84
433,Charagua,BO,2022-02-07 00:19:35,-19.8,-63.2167,69.44,61,84,4.72
434,Sola,VU,2022-02-07 00:18:51,-13.8833,167.55,82.94,80,100,19.8
435,Yelniki,RU,2022-02-07 00:19:35,54.6207,43.876,11.19,97,99,5.39
436,Castlewood,US,2022-02-07 00:19:36,39.5847,-104.9011,36.97,44,20,3.0
437,Banjar,ID,2022-02-07 00:19:36,-8.19,114.9675,82.26,83,94,3.11
438,Natchitoches,US,2022-02-07 00:19:36,31.7668,-93.1335,51.78,43,100,3.44
439,Vila Franca Do Campo,PT,2022-02-07 00:19:37,37.7167,-25.4333,60.19,85,78,12.53
440,Rio Grande,BR,2022-02-07 00:19:37,-32.035,-52.0986,64.94,55,51,12.97
441,Beroroha,MG,2022-02-07 00:19:38,-21.6667,45.1667,75.4,83,100,13.56
442,Luau,AO,2022-02-07 00:19:38,-10.7073,22.2247,62.76,93,98,1.61
443,Abu Dhabi,AE,2022-02-07 00:17:50,24.4667,54.3667,64.96,64,20,1.99
444,Jacmel,HT,2022-02-07 00:19:38,18.2342,-72.5347,73.24,73,34,3.04
445,Cururupu,BR,2022-02-07 00:19:39,-1.8283,-44.8683,75.2,95,79,2.95
446,Ugoofaaru,MV,2022-02-07 00:19:39,5.6667,73.0,80.1,72,66,6.6
447,Beyneu,KZ,2022-02-07 00:19:39,45.3167,55.2,29.19,80,45,7.72
448,Orel-Izumrud,RU,2022-02-07 00:19:40,43.4583,39.9244,33.82,93,40,4.0
449,Vao,NC,2022-02-07 00:19:20,-22.6667,167.4833,80.71,82,70,4.76
450,Wyndham,US,2022-02-07 00:19:40,37.6985,-77.6125,37.06,54,0,5.01
451,Nanakuli,US,2022-02-07 00:19:41,21.3906,-158.1547,84.15,51,20,6.91
452,Minna,NG,2022-02-07 00:19:41,9.6139,6.5569,78.75,17,1,8.95
453,La Union,PE,2022-02-07 00:19:41,-5.4,-80.75,78.08,56,54,18.16
454,Kirakira,SB,2022-02-07 00:20:42,-10.4544,161.9205,84.69,77,98,11.14
455,Mirebalais,HT,2022-02-07 00:20:42,18.8333,-72.1053,72.32,76,91,2.84
456,Victoria,HK,2022-02-07 00:20:02,22.2855,114.1577,62.96,90,100,1.01
457,Aras,ES,2022-02-07 00:20:43,42.5617,-2.356,38.05,81,0,9.22
458,Thai Binh,VN,2022-02-07 00:20:43,20.45,106.3333,60.8,86,100,2.64
459,Bac Lieu,VN,2022-02-07 00:20:43,9.285,105.7244,77.56,78,95,10.54
460,Meulaboh,ID,2022-02-07 00:20:44,4.1363,96.1285,74.34,92,100,5.01
461,Juneau,US,2022-02-07 00:20:44,58.3019,-134.4197,40.84,99,100,5.99
462,Bobo Dioulasso,BF,2022-02-07 00:20:44,11.1771,-4.2979,79.25,22,0,8.05
463,Gazanjyk,TM,2022-02-07 00:20:45,39.2446,55.5154,37.56,77,64,3.91
464,Arrecife,ES,2022-02-07 00:20:45,28.963,-13.5477,64.47,82,0,17.27
465,Jumla,NP,2022-02-07 00:20:45,29.2747,82.1838,34.2,54,95,4.9
466,Ballina,AU,2022-02-07 00:20:46,-28.8667,153.5667,70.95,80,87,15.84
467,Aykino,RU,2022-02-07 00:20:46,62.2248,49.9922,16.52,96,100,5.55
468,Saint-Augustin,CA,2022-02-07 00:17:18,51.226,-58.6502,-22.72,91,3,5.53
469,Talnakh,RU,2022-02-07 00:20:46,69.4865,88.3972,-28.28,99,56,1.21
470,Rayong,TH,2022-02-07 00:20:47,12.8333,101.4333,76.98,99,93,1.72
471,Gasa,PS,2022-02-07 00:19:22,31.5,34.4667,52.18,74,50,8.08
472,Marsala,IT,2022-02-07 00:20:47,37.7966,12.4352,55.0,87,40,5.75
473,Dakar,SN,2022-02-07 00:20:48,14.6937,-17.4441,70.68,94,0,6.91
474,Cap Malheureux,MU,2022-02-07 00:20:48,-19.9842,57.6142,79.29,83,90,5.99
475,Praia Da Vitoria,PT,2022-02-07 00:20:48,38.7333,-27.0667,60.76,94,75,17.94
476,Chardara,KZ,2022-02-07 00:20:49,41.2547,67.9692,36.48,97,100,0.85
477,Dunmore East,IE,2022-02-07 00:20:49,52.1514,-6.9861,45.68,86,15,9.62
478,Kysyl-Syr,RU,2022-02-07 00:20:49,63.8986,122.7617,-24.72,98,99,6.93
479,Lapua,FI,2022-02-07 00:20:50,62.9693,23.0088,31.1,89,77,8.72
480,Olinda,BR,2022-02-07 00:18:11,-8.0089,-34.8553,82.13,69,40,4.61
481,Iqaluit,CA,2022-02-07 00:20:50,63.7506,-68.5145,-38.31,65,0,3.0
482,Leh,IN,2022-02-07 00:20:50,34.1667,77.5833,4.17,89,91,0.6
483,Crnomelj,SI,2022-02-07 00:20:51,45.5711,15.1889,52.63,76,100,14.07
484,Hailar,CN,2022-02-07 00:20:51,49.2,119.7,-0.92,98,100,6.29
485,Faya,SA,2022-02-07 00:20:51,18.3851,42.4509,48.72,73,4,1.79
486,Caledon,ZA,2022-02-07 00:20:52,-34.23,19.4265,62.17,91,27,2.44
487,Arshan,RU,2022-02-07 00:20:52,46.2732,44.22,28.78,92,100,15.66
488,Esperance,AU,2022-02-07 00:17:51,-33.8667,121.9,64.36,56,42,25.39
489,Lianzhou,CN,2022-02-07 00:20:52,24.7811,112.3825,51.24,98,100,2.48
490,Port-Cartier,CA,2022-02-07 00:20:53,50.0334,-66.8654,2.75,91,100,2.86
491,Tiarei,PF,2022-02-07 00:20:14,-17.5333,-149.3333,86.02,75,37,21.27
492,Matay,EG,2022-02-07 00:20:53,28.419,30.7792,52.12,53,0,6.02
493,Axim,GH,2022-02-07 00:20:53,4.8699,-2.2405,78.39,87,85,6.73
494,Port Hueneme,US,2022-02-07 00:20:54,34.1478,-119.1951,81.52,30,20,12.66
495,Maniitsoq,GL,2022-02-07 00:20:54,65.4167,-52.9,4.75,77,100,18.7
496,Talcahuano,CL,2022-02-07 00:20:54,-36.7167,-73.1167,61.05,82,0,8.08
497,Nizwa,OM,2022-02-07 00:20:55,22.9333,57.5333,62.67,57,0,2.42
498,Billings,US,2022-02-07 00:17:05,45.7833,-108.5007,46.17,33,75,8.05
499,Bakau,GM,2022-02-07 00:20:55,13.4781,-16.6819,71.74,78,0,3.44
500,Flinders,AU,2022-02-07 00:20:55,-34.5833,150.8552,72.18,70,68,11.99
501,Shenjiamen,CN,2022-02-07 00:20:56,29.9576,122.298,44.8,79,100,17.54
502,Usinsk,RU,2022-02-07 00:21:56,65.9939,57.5281,1.31,89,64,7.7
503,Gao,ML,2022-02-07 00:21:57,16.6362,1.637,64.6,12,0,11.79
504,Karasburg,NA,2022-02-07 00:18:02,-28.0167,18.75,76.28,44,78,4.41
505,Pandan,PH,2022-02-07 00:21:57,14.0453,124.1694,77.65,85,90,16.62
506,Zhangye,CN,2022-02-07 00:21:57,38.9342,100.4517,11.35,80,31,1.59
507,Pyaozerskiy,RU,2022-02-07 00:18:37,65.8333,31.1667,16.54,95,100,9.66
508,Formosa,AR,2022-02-07 00:18:35,-26.1775,-58.1781,74.17,39,0,4.43
509,Kilindoni,TZ,2022-02-07 00:21:58,-7.9139,39.6668,81.12,82,100,11.01
510,Falmouth,GB,2022-02-07 00:21:07,50.1544,-5.0711,49.1,81,75,6.91
511,Svetlyy,RU,2022-02-07 00:21:58,54.675,20.1347,35.65,97,100,21.94
512,Tashtyp,RU,2022-02-07 00:21:59,52.7939,89.8983,-2.51,95,85,3.0
513,San Policarpo,PH,2022-02-07 00:21:59,12.1791,125.5072,81.72,73,62,15.28
514,Stornoway,GB,2022-02-07 00:21:59,58.2093,-6.3865,38.03,81,75,3.0
515,Bunschoten,NL,2022-02-07 00:22:00,52.2333,5.3667,42.19,77,85,19.33
516,Disna,BY,2022-02-07 00:22:00,55.568,28.1971,33.31,98,100,13.31
517,Panama City,PA,2022-02-07 00:18:46,8.9936,-79.5197,83.05,62,0,9.22
518,Volot,RU,2022-02-07 00:22:00,57.9278,30.7025,32.04,95,100,11.05
519,Tambovka,RU,2022-02-07 00:22:01,50.0969,128.0489,-3.89,100,100,2.01
520,Powassan,CA,2022-02-07 00:22:01,46.0334,-79.3496,25.2,80,100,10.36
521,Tubuala,PA,2022-02-07 00:22:01,9.5167,-79.0333,82.51,74,6,10.31
522,Kavaratti,IN,2022-02-07 00:22:02,10.5669,72.642,77.74,68,16,9.84
523,Hofn,IS,2022-02-07 00:22:02,64.2539,-15.2082,28.36,64,68,8.3
524,Antofagasta,CL,2022-02-07 00:22:02,-23.65,-70.4,66.61,79,5,3.09
525,Groton,US,2022-02-07 00:22:03,41.3501,-72.0784,26.69,77,75,1.01
526,Genhe,CN,2022-02-07 00:22:03,50.7833,121.5167,-9.72,98,78,2.46
527,Vestmannaeyjar,IS,2022-02-07 00:18:45,63.4427,-20.2734,35.47,67,100,36.46
528,Yarega,RU,2022-02-07 00:22:03,63.4354,53.5765,15.66,90,100,8.66
529,Waipawa,NZ,2022-02-07 00:22:04,-41.4122,175.5153,60.93,78,100,11.79
530,Meshcherino,RU,2022-02-07 00:22:04,55.1957,38.36,27.09,94,88,6.96
531,Kampene,CD,2022-02-07 00:22:04,-3.6,26.6667,67.78,98,100,1.88
532,Khon Buri,TH,2022-02-07 00:22:05,14.5254,102.2459,78.62,69,56,2.13
533,Harper,LR,2022-02-07 00:22:05,4.375,-7.7169,79.14,83,88,7.96
534,Bafq,IR,2022-02-07 00:22:05,31.6128,55.4107,44.06,34,0,0.16
535,Digby,CA,2022-02-07 00:19:04,44.6169,-65.7655,17.11,80,9,4.27
536,Seoul,KR,2022-02-07 00:20:00,37.5683,126.9778,26.04,74,0,3.44
537,Yakovlevka,RU,2022-02-07 00:22:06,44.425,133.4772,5.25,92,100,1.97
538,Shiyan,CN,2022-02-07 00:22:06,32.6475,110.7781,29.39,92,100,2.06
539,Vredendal,ZA,2022-02-07 00:22:06,-31.6683,18.5012,69.22,53,0,3.71
540,Wad Madani,SD,2022-02-07 00:22:07,14.4012,33.5199,64.24,26,30,12.93
541,Lazaro Cardenas,MX,2022-02-07 00:22:07,17.9583,-102.2,81.55,55,12,9.86
542,Hildburghausen,DE,2022-02-07 00:22:07,50.4255,10.7318,38.28,86,100,16.37
543,Srandakan,ID,2022-02-07 00:22:08,-7.9386,110.2506,77.58,86,100,4.27
544,Las Tunas,CU,2022-02-07 00:22:08,20.9617,-76.9511,75.33,62,3,12.8
545,Poplar Bluff,US,2022-02-07 00:22:09,36.757,-90.3929,33.62,92,56,3.94
546,Worland,US,2022-02-07 00:22:09,44.0169,-107.9554,38.88,51,0,6.91
547,Dwarka,IN,2022-02-07 00:22:09,22.2394,68.9678,67.33,64,4,7.49
548,Rawson,AR,2022-02-07 00:22:10,-43.3002,-65.1023,67.46,42,3,16.33
549,Ailigandi,PA,2022-02-07 00:23:10,9.2333,-78.0167,78.66,77,7,11.56
550,Hambantota,LK,2022-02-07 00:23:10,6.1241,81.1185,74.25,74,94,7.61
551,Helmsdale,GB,2022-02-07 00:23:11,58.1168,-3.6517,39.18,75,24,11.39
552,Pangnirtung,CA,2022-02-07 00:23:11,66.1451,-65.7125,-35.27,98,100,2.64
553,Aksarka,RU,2022-02-07 00:21:20,66.5606,67.7975,-13.9,100,94,6.93
554,Baykit,RU,2022-02-07 00:23:12,61.67,96.37,-8.64,99,95,2.75
555,Methoni,GR,2022-02-07 00:23:12,36.8197,21.7049,56.21,77,78,4.45
556,Carbonia,IT,2022-02-07 00:23:12,39.1672,8.5222,46.0,77,7,16.69
557,Launceston,AU,2022-02-07 00:23:13,-41.45,147.1667,71.15,49,3,3.0
558,Huntsville,US,2022-02-07 00:19:00,34.7304,-86.5861,45.73,60,0,1.01
559,Martapura,ID,2022-02-07 00:23:13,-3.4167,114.85,75.29,100,40,2.3
560,Morehead,US,2022-02-07 00:23:13,37.2711,-87.1764,36.0,79,0,0.0
561,Mpongwe,ZM,2022-02-07 00:23:14,-13.5091,28.155,63.48,99,100,1.34
562,Valparaiso,CL,2022-02-07 00:23:14,-33.0393,-71.6273,66.47,76,2,2.82
563,Myitkyina,MM,2022-02-07 00:23:14,25.3833,97.4,48.72,90,1,2.86
564,Odweyne,SO,2022-02-07 00:23:15,9.4092,45.064,63.52,74,100,8.61
565,Mutoko,ZW,2022-02-07 00:23:15,-17.397,32.2268,59.34,92,58,2.75
566,Kamenskiy,RU,2022-02-07 00:23:16,50.8855,45.488,14.47,98,97,4.63
567,Brae,GB,2022-02-07 00:23:16,60.3964,-1.353,39.11,52,73,35.23
568,Jiangkou,CN,2022-02-07 00:23:16,25.4872,119.1986,46.29,85,100,9.53
569,Vorontsovka,RU,2022-02-07 00:23:16,50.6132,40.3549,18.7,97,96,6.55
570,Caravelas,BR,2022-02-07 00:23:17,-17.7125,-39.2481,77.52,83,8,6.53
571,Lexington,US,2022-02-07 00:21:57,37.9887,-84.4777,39.2,61,0,4.61
572,Faanui,PF,2022-02-07 00:23:17,-16.4833,-151.75,81.66,74,94,20.27
573,Bull Savanna,JM,2022-02-07 00:23:18,17.8868,-77.5902,72.07,69,1,3.85
574,Anito,PH,2022-02-07 00:23:18,12.4497,125.2886,80.76,77,77,11.7
575,Santa Maria,BR,2022-02-07 00:23:18,-29.6842,-53.8069,67.3,68,0,2.3
576,Mizdah,LY,2022-02-07 00:23:19,31.4451,12.9801,53.04,31,100,5.37
577,Zhezkazgan,KZ,2022-02-07 00:19:13,47.8043,67.7144,24.78,93,100,22.37
578,Bar Harbor,US,2022-02-07 00:23:19,44.3876,-68.2039,24.98,68,100,0.0
579,Alushta,UA,2022-02-07 00:23:19,44.6667,34.4167,38.73,77,100,6.71
580,Moyale,KE,2022-02-07 00:23:20,3.5167,39.0584,72.27,29,71,10.09
581,Marrakesh,MA,2022-02-07 00:23:20,31.6315,-8.0083,62.67,55,0,5.75
582,Rosetta,EG,2022-02-07 00:23:21,31.4044,30.4164,55.2,70,0,6.51
583,Whitehorse,CA,2022-02-07 00:23:21,60.7161,-135.0538,36.37,74,75,17.0
584,Klaksvik,FO,2022-02-07 00:23:21,62.2266,-6.589,34.72,54,90,31.23
585,Kuryk,KZ,2022-02-07 00:23:22,43.2,51.65,39.45,77,98,9.04
586,Mildura,AU,2022-02-07 00:23:22,-34.2,142.15,82.08,36,27,11.5
587,Taga,RO,2022-02-07 00:23:22,46.95,24.05,30.52,95,82,2.8
588,Knokke-Heist,BE,2022-02-07 00:23:23,51.3333,3.3333,43.23,71,69,15.01
589,Bapatla,IN,2022-02-07 00:23:23,15.9,80.4667,69.55,86,100,5.26
590,Ahuimanu,US,2022-02-07 00:23:24,21.4447,-157.8378,83.91,65,75,7.0
591,Pau Brasil,BR,2022-02-07 00:24:24,-15.4642,-39.6511,70.99,97,95,2.19
592,Taylor,US,2022-02-07 00:24:25,32.3001,-99.8337,51.53,52,0,4.0
593,Mwinilunga,ZM,2022-02-07 00:24:25,-11.7358,24.4293,62.6,98,98,3.71
594,Alice Springs,AU,2022-02-07 00:23:28,-23.7,133.8833,80.15,32,0,6.91
595,Domoni,KM,2022-02-07 00:24:25,-12.2569,44.5319,78.82,86,58,5.7
596,Ola,RU,2022-02-07 00:24:26,59.5833,151.2833,3.15,73,67,9.28
597,Bitung,ID,2022-02-07 00:24:26,1.4451,125.1824,81.45,80,99,10.58
598,Honiara,SB,2022-02-07 00:24:26,-9.4333,159.95,85.08,74,100,7.34
599,Yakeshi,CN,2022-02-07 00:24:27,49.2833,120.7333,-10.34,99,100,2.55
600,Nantucket,US,2022-02-07 00:24:27,41.2835,-70.0995,31.14,67,0,5.75
601,Basco,PH,2022-02-07 00:24:27,20.4487,121.9702,73.09,73,100,25.59
602,Mayor Pablo Lagerenza,PY,2022-02-07 00:24:28,-19.9309,-60.7718,85.37,28,50,7.87
603,Vung Tau,VN,2022-02-07 00:24:28,10.346,107.0843,77.25,73,97,4.09
604,Port Hawkesbury,CA,2022-02-07 00:24:28,45.6169,-61.3485,14.59,85,100,5.75
605,Bullhead City,US,2022-02-07 00:24:29,35.1478,-114.5683,72.21,13,0,26.46
606,Bardiyah,LY,2022-02-07 00:24:29,31.7561,25.0865,57.42,60,58,7.2
607,Uchiza,PE,2022-02-07 00:24:29,-8.4592,-76.4633,72.66,94,99,2.44
608,Wanning,CN,2022-02-07 00:24:30,18.8003,110.3967,71.33,92,93,5.44
609,Kontagora,NG,2022-02-07 00:24:30,10.3999,5.4695,75.29,19,0,7.02
610,Santa Isabel,BR,2022-02-07 00:24:30,-23.3156,-46.2214,75.36,96,100,2.33
611,Aksu,CN,2022-02-07 00:24:31,41.1231,80.2644,20.84,49,100,2.71
612,Burns Lake,CA,2022-02-07 00:24:31,54.2331,-125.7533,42.22,94,78,4.47
613,Buchanan,LR,2022-02-07 00:24:31,5.8808,-10.0467,79.54,84,43,5.53
614,Auki,SB,2022-02-07 00:24:32,-8.7676,160.7034,83.75,80,99,10.58
615,Tabora,TZ,2022-02-07 00:24:32,-5.0167,32.8,65.05,92,100,3.96
616,Rockhampton,AU,2022-02-07 00:24:32,-23.3833,150.5,80.49,50,20,12.66
617,Guane,CU,2022-02-07 00:24:33,22.2025,-84.0875,71.35,75,1,1.39
618,Ucluelet,CA,2022-02-07 00:20:59,48.9329,-125.5528,47.08,90,78,1.99
619,Kidal,ML,2022-02-07 00:24:33,18.4411,1.4078,64.2,13,0,10.31
620,Northport,US,2022-02-07 00:24:33,33.229,-87.5772,47.97,65,0,0.0
621,Saint-Leu,RE,2022-02-07 00:24:34,-21.15,55.2833,76.06,76,100,2.98
622,Urumqi,CN,2022-02-07 00:24:34,43.801,87.6005,7.75,67,9,6.71
623,Aktash,RU,2022-02-07 00:24:34,50.3,87.7333,-15.66,58,0,5.03
624,Manokwari,ID,2022-02-07 00:24:35,-0.8667,134.0833,81.54,68,100,2.42
625,Taltal,CL,2022-02-07 00:24:35,-25.4,-70.4833,67.59,73,22,3.51
626,Asau,RO,2022-02-07 00:21:29,46.4333,26.4,35.96,64,100,6.13
627,Morant Bay,JM,2022-02-07 00:24:36,17.8815,-76.4093,76.62,78,4,7.05
628,Mugur-Aksy,RU,2022-02-07 00:24:36,50.35,90.5,-7.42,46,0,7.11
629,Chimbote,PE,2022-02-07 00:24:36,-9.0853,-78.5783,71.56,76,98,7.7
630,Raudeberg,NO,2022-02-07 00:24:37,61.9875,5.1352,38.19,90,90,5.99
631,Chapais,CA,2022-02-07 00:22:46,49.7834,-74.8492,4.78,95,100,6.89
632,Hella,NO,2022-02-07 00:24:37,67.2,14.4333,28.54,70,0,11.5
633,Luanda,AO,2022-02-07 00:21:23,-8.8368,13.2343,74.23,86,99,6.6
634,Vanavara,RU,2022-02-07 00:24:37,60.34,102.2797,-15.7,100,98,0.87
635,Tutoia,BR,2022-02-07 00:24:38,-2.7619,-42.2744,84.18,83,24,11.61
636,Zapolyarnyy,RU,2022-02-07 00:25:38,69.4154,30.8136,18.68,96,31,6.91
637,Natal,BR,2022-02-07 00:23:03,-5.795,-35.2094,81.25,78,20,10.36
638,Gornopravdinsk,RU,2022-02-07 00:25:39,60.05,69.9,9.63,94,100,8.16
639,Atambua,ID,2022-02-07 00:25:39,-9.1061,124.8925,79.59,77,42,2.04
640,Saint Marys,US,2022-02-07 00:25:39,30.7305,-81.5465,51.82,96,100,11.01
641,Boa Vista,BR,2022-02-07 00:23:50,2.8197,-60.6733,84.18,61,75,5.75
642,Kintinku,TZ,2022-02-07 00:25:40,-5.8833,35.2333,66.7,97,100,4.59
643,Asfi,MA,2022-02-07 00:25:40,32.2994,-9.2372,56.57,78,19,13.11
644,Inhambane,MZ,2022-02-07 00:25:40,-23.865,35.3833,75.94,85,41,13.4
645,Smithers,CA,2022-02-07 00:25:40,54.7804,-127.1743,37.72,75,75,5.75
646,Garden City,US,2022-02-07 00:25:41,42.3256,-83.331,28.42,69,20,1.01
647,Khandyga,RU,2022-02-07 00:25:41,62.6667,135.6,-38.34,98,100,1.92
648,Syedove,UA,2022-02-07 00:25:41,47.0768,38.156,32.0,79,98,8.23
649,Bonavista,CA,2022-02-07 00:22:38,48.6499,-53.1147,14.11,64,97,21.25
650,Bloomfield,US,2022-02-07 00:24:02,40.8068,-74.1854,30.2,73,0,1.01
651,Thinadhoo,MV,2022-02-07 00:25:42,0.5333,72.9333,82.26,65,81,10.92
652,Goure,NE,2022-02-07 00:25:42,13.9835,10.2704,65.01,13,0,9.26
653,Silver City,US,2022-02-07 00:25:43,32.7701,-108.2803,49.91,26,100,7.0
654,Jiamusi,CN,2022-02-07 00:25:43,46.8333,130.35,-0.08,90,72,6.58
655,Madras,IN,2022-02-07 00:25:09,13.0878,80.2785,78.96,76,20,3.44
656,Asmara,ER,2022-02-07 00:25:43,15.3333,38.9333,48.29,76,20,3.53
657,Blagoyevo,RU,2022-02-07 00:25:44,63.3667,47.9167,16.7,95,100,6.8
658,Mykolayivka,UA,2022-02-07 00:25:44,47.5414,30.7561,33.28,77,79,9.93
659,Narok,KE,2022-02-07 00:25:44,-1.0783,35.8601,58.21,72,100,3.4
660,Manaure,CO,2022-02-07 00:25:45,11.7751,-72.4445,78.91,73,13,18.68
661,Vytegra,RU,2022-02-07 00:25:45,61.0064,36.4481,14.54,93,80,11.81
662,Stromness,GB,2022-02-07 00:25:45,58.965,-3.296,37.65,55,46,30.78
663,Mujiayingzi,CN,2022-02-07 00:25:45,42.1167,118.7833,8.8,74,2,6.64
664,Atar,MR,2022-02-07 00:25:46,20.5169,-13.0499,71.51,11,1,5.03
665,Tabou,CI,2022-02-07 00:25:46,4.423,-7.3528,79.23,82,88,7.47
666,Jasper,US,2022-02-07 00:25:46,37.2001,-94.3502,38.64,60,0,1.01
667,Adony,HU,2022-02-07 00:25:47,47.1194,18.8649,45.46,74,100,14.05
668,Springfield,US,2022-02-07 00:22:00,37.2153,-93.2982,39.06,62,0,5.75
669,Mareeba,AU,2022-02-07 00:25:47,-17.0,145.4333,81.66,79,74,4.09
670,Bagotville,AU,2022-02-07 00:21:55,-28.9833,153.4167,70.79,80,82,14.12
671,Wanaka,NZ,2022-02-07 00:25:48,-44.7,169.15,61.16,60,100,3.2
672,Dibulla,CO,2022-02-07 00:25:48,11.2725,-73.3091,78.82,87,30,4.34
673,Poum,NC,2022-02-07 00:25:48,-20.2333,164.0167,81.93,83,92,19.39
674,Havre,FR,2022-02-07 00:25:49,49.5833,0.3333,46.8,71,20,19.57
675,Dzheyrakh,RU,2022-02-07 00:25:49,42.8228,44.6756,22.19,82,86,1.61
676,Shakhtinsk,KZ,2022-02-07 00:25:49,49.71,72.5872,14.56,82,76,8.57
677,Comodoro Rivadavia,AR,2022-02-07 00:21:28,-45.8667,-67.5,69.66,43,0,3.44
678,Narrabri,AU,2022-02-07 00:25:50,-30.3167,149.7833,75.52,41,0,14.97
679,Lakes Entrance,AU,2022-02-07 00:25:50,-37.8811,147.981,70.57,63,36,6.51
680,Olbia,IT,2022-02-07 00:25:50,40.9214,9.4856,50.05,76,0,20.71
681,Margate,GB,2022-02-07 00:25:51,51.3813,1.3862,43.75,67,47,11.01
682,Sakata,JP,2022-02-07 00:25:51,38.9167,139.855,33.98,64,75,19.57
683,Kaeo,NZ,2022-02-07 00:25:51,-35.1,173.7833,76.32,98,100,5.77
684,Zorritos,PE,2022-02-07 00:25:52,-3.6805,-80.6782,79.09,79,65,9.35
685,Kouango,CF,2022-02-07 00:26:52,4.9934,19.9619,74.59,25,21,3.49
686,Arawa,PG,2022-02-07 00:26:52,-6.2132,155.5367,87.22,63,100,5.61
687,Sinnamary,GF,2022-02-07 00:26:53,5.3833,-52.95,77.85,87,100,9.08
688,Yermolayevo,RU,2022-02-07 00:26:53,52.7167,55.8,15.44,97,100,3.4
689,Ponta Delgada,PT,2022-02-07 00:26:53,37.7333,-25.6667,60.49,94,75,8.05
690,Jiexiu,CN,2022-02-07 00:26:54,37.0244,111.9125,25.88,74,100,1.45
691,Kroonstad,ZA,2022-02-07 00:26:54,-27.6504,27.2349,62.76,71,95,8.72
692,Bayan,CN,2022-02-07 00:26:54,46.0833,127.4,-5.3,99,95,2.86
693,Warsaw,PL,2022-02-07 00:26:55,52.2298,21.0118,40.78,92,75,4.0
